CREATE TABLE TBL_CAR_202504 (
	CAR_ID NUMBER PRIMARY KEY,
	CAR_NAME VARCHAR2(100),
	BUY_PRICE NUMBER,
	DEALER_ID NUMBER,
	IS_SOLD CHAR(1) default 'N'
);

INSERT INTO TBL_CAR_202504 VALUES (1, '쏘나타',  1000, 1, 'Y');
INSERT INTO TBL_CAR_202504 VALUES (2, '그랜저', 1500, 2, 'Y');
INSERT INTO TBL_CAR_202504 VALUES (3, 'K5', 1200, 1, 'N');
INSERT INTO TBL_CAR_202504 VALUES (4, 'K7', 1600, 3, 'Y');
INSERT INTO TBL_CAR_202504 VALUES (5, '아반떼', 800, 2, 'Y');
INSERT INTO TBL_CAR_202504 VALUES (6, 'SM6', 1100, 3, 'N');
INSERT INTO TBL_CAR_202504 VALUES (7, '말리부', 1300, 1, 'N');
INSERT INTO TBL_CAR_202504 VALUES (8, '티볼리', 900, 2, 'Y');
INSERT INTO TBL_CAR_202504 VALUES (9, '스포티지', 1700, 3, 'Y');
INSERT INTO TBL_CAR_202504 VALUES (10, '투싼', 1400, 1, 'N');
INSERT INTO TBL_CAR_202504 VALUES (11, '제네시스', 2500, 2, 'Y');
INSERT INTO TBL_CAR_202504 VALUES (12, '레이', 700, 3, 'N');

CREATE TABLE TBL_DEALER_202504 (
	DEALER_ID NUMBER PRIMARY KEY,
	DEALER_NAME VARCHAR2(100)
);

INSERT INTO TBL_DEALER_202504 VALUES (1, '홍길동');
INSERT INTO TBL_DEALER_202504 VALUES (2, '김영희');
INSERT INTO TBL_DEALER_202504 VALUES (3, '박철수');

CREATE TABLE TBL_SALES_202504 (
	SALES_ID NUMBER PRIMARY KEY,
	CAR_ID NUMBER not null,
	DEALER_ID NUMBER not null,
	SELL_PRICE NUMBER,
	FOREIGN KEY (CAR_ID) REFERENCES TBL_CAR_202504(CAR_ID),
	FOREIGN KEY (DEALER_ID) REFERENCES TBL_DEALER_202504(DEALER_ID)
);

INSERT INTO TBL_SALES_202504 VALUES (1, 1, 1, 1200);
INSERT INTO TBL_SALES_202504 VALUES (2, 2, 2, 1800);
INSERT INTO TBL_SALES_202504 VALUES (3, 4, 3, 1920);
INSERT INTO TBL_SALES_202504 VALUES (4, 5, 2, 960);
INSERT INTO TBL_SALES_202504 VALUES (5, 8, 2, 1080);
INSERT INTO TBL_SALES_202504 VALUES (6, 9, 3, 2040);
INSERT INTO TBL_SALES_202504 VALUES (7, 11, 2, 3000);
INSERT INTO TBL_SALES_202504 VALUES (8, 12, 3, 840);


SELECT DEALER_NAME, COUNT(*), SUM(s.SELL_PRICE) FROM TBL_SALES_202504 s, TBL_DEALER_202504 d WHERE s.DEALER_ID = d.DEALER_ID GROUP BY d.DEALER_NAME ORDER BY d.DEALER_NAME;
SELECT RANK() OVER (ORDER BY SUM(s.SELL_PRICE)), DEALER_NAME, SUM(s.SELL_PRICE) FROM TBL_SALES_202504 s, TBL_DEALER_202504 d WHERE s.DEALER_ID = d.DEALER_ID GROUP BY d.DEALER_NAME ORDER BY d.DEALER_NAME;

SELECT * FROM TBL_CAR_202504;